<?xml version="1.0" encoding="UTF-8"?>
<project-private xmlns="http://www.netbeans.org/ns/project-private/1">
    <editor-bookmarks xmlns="http://www.netbeans.org/ns/editor-bookmarks/2" lastBookmarkId="0"/>
    <open-files xmlns="http://www.netbeans.org/ns/projectui-open-files/2">
        <group>
            <file>file:/D:/Proyecto_reservas/SistemaReservahotel/src/Logica/fproducto.java</file>
            <file>file:/D:/Proyecto_reservas/SistemaReservahotel/src/Presentacion/frmproducto.java</file>
            <file>file:/D:/Proyecto_reservas/SistemaReservahotel/src/Logica/fhabitacion.java</file>
            <file>file:/D:/Proyecto_reservas/SistemaReservahotel/src/Presentacion/frmcliente.java</file>
            <file>file:/D:/Proyecto_reservas/SistemaReservahotel/src/Presentacion/frminicio.java</file>
            <file>file:/D:/Proyecto_reservas/SistemaReservahotel/src/Datos/vpersona.java</file>
            <file>file:/D:/Proyecto_reservas/SistemaReservahotel/src/Presentacion/frmtrabajador.java</file>
            <file>file:/D:/Proyecto_reservas/SistemaReservahotel/src/Presentacion/frmusuariologin.java</file>
            <file>file:/D:/Proyecto_reservas/SistemaReservahotel/src/Presentacion/frmhabitacion.java</file>
            <file>file:/D:/Proyecto_reservas/SistemaReservahotel/src/Datos/vtrabajador.java</file>
            <file>file:/D:/Proyecto_reservas/SistemaReservahotel/src/Logica/fcliente.java</file>
            <file>file:/D:/Proyecto_reservas/SistemaReservahotel/src/Datos/vhabitacion.java</file>
            <file>file:/D:/Proyecto_reservas/SistemaReservahotel/src/Logica/ftrabajador.java</file>
            <file>file:/D:/Proyecto_reservas/SistemaReservahotel/src/Datos/vproducto.java</file>
            <file>file:/D:/Proyecto_reservas/SistemaReservahotel/src/Datos/vcliente.java</file>
        </group>
    </open-files>
</project-private>
